{
    "cifar10_RankKReducer_2_0": [
        53.98,
        54.92,
        56.47
    ],
    "cifar10_RankKReducer_1_1": [
        55.1,
        55.68,
        55.47
    ],
    "cifar10_RankKReducer_2_1": [
        54.9,
        55.98,
        55.77
    ],
    "cifar10_RankKReducer_4_0": [
        54.02,
        55.07,
        55.88
    ],
    "cifar10_RankKReducer_30_0": [
        54.23,
        55.08,
        56.03
    ],
    "cifar10_TopKReducer_0.097427_0": [
        54.15,
        55.08,
        56.0
    ],
    "cifar10_TopKReducer_0.00411_0": [
        54.93,
        54.87,
        53.03
    ],
    "cifar10_TopKReducer_0.161347_0": [
        54.13,
        55.12,
        55.77
    ],
    "cifar10_RankKReducer_1_0": [
        54.1,
        55.15,
        56.05
    ],
    "cifar10_RankKReducer_4_1": [
        55.02,
        55.62,
        56.07
    ],
    "cifar10_RankKReducer_50_1": [
        55.32,
        56.28,
        56.2
    ],
    "cifar10_TopKReducer_0.013863_0": [
        56.52,
        57.2,
        56.53
    ],
    "cifar10_TopKReducer_0.00736_0": [
        56.2,
        56.3,
        54.97
    ],
    "cifar10_RankKReducer_30_1": [
        55.0,
        55.65,
        55.95
    ],
    "cifar10_RankKReducer_50_0": [
        53.83,
        54.8,
        55.53
    ],
    "cifar10_ExactReducer_1_0": [
        54.02,
        55.17,
        55.93
    ]
}
