{
    "cifar100_RankKReducer_1_1": [
        67.75,
        67.9,
        65.62
    ],
    "cifar100_RankKReducer_4_1": [
        67.75,
        69.52,
        67.63
    ],
    "cifar100_RankKReducer_30_0": [
        67.27,
        70.17,
        72.47
    ],
    "cifar100_TopKReducer_0.097427_0": [
        67.82,
        69.85,
        69.45
    ],
    "cifar100_TopKReducer_0.00736_0": [
        57.35,
        56.9,
        52.47
    ],
    "cifar100_RankKReducer_2_0": [
        66.7,
        70.08,
        71.73
    ],
    "cifar100_RankKReducer_50_0": [
        67.35,
        70.27,
        72.67
    ],
    "cifar100_RankKReducer_4_0": [
        66.82,
        70.17,
        72.5
    ],
    "cifar100_RankKReducer_1_0": [
        67.27,
        70.23,
        71.52
    ],
    "cifar100_TopKReducer_0.00411_0": [
        56.25,
        55.73,
        51.68
    ],
    "cifar100_RankKReducer_30_1": [
        66.75,
        68.32,
        66.97
    ],
    "cifar100_TopKReducer_0.161347_0": [
        67.2,
        69.47,
        70.25
    ],
    "cifar100_TopKReducer_0.013863_0": [
        63.47,
        63.03,
        56.18
    ],
    "cifar100_ExactReducer_1_0": [
        66.78,
        69.83,
        72.57
    ],
    "cifar100_RankKReducer_50_1": [
        67.32,
        68.82,
        67.32
    ],
    "cifar100_RankKReducer_2_1": [
        66.93,
        68.18,
        66.43
    ]
}