{
    "MNIST_TopKReducer_0.161347_0": [
        50.97,
        51.35,
        51.53
    ],
    "MNIST_RankKReducer_30_0": [
        51.08,
        51.48,
        51.68
    ],
    "MNIST_RankKReducer_50_0": [
        50.98,
        51.4,
        51.62
    ],
    "MNIST_ExactReducer_1_0": [
        51.0,
        51.3,
        51.48
    ],
    "MNIST_TopKReducer_0.013863_0": [
        51.08,
        51.53,
        51.73
    ],
    "MNIST_RankKReducer_4_0": [
        51.05,
        51.48,
        51.8
    ],
    "MNIST_TopKReducer_0.00411_0": [
        51.17,
        51.6,
        51.77
    ],
    "MNIST_TopKReducer_0.00736_0": [
        51.22,
        51.77,
        51.83
    ],
    "MNIST_RankKReducer_4_1": [
        51.18,
        51.42,
        51.58
    ],
    "MNIST_RankKReducer_50_1": [
        51.37,
        51.55,
        51.88
    ],
    "MNIST_RankKReducer_2_1": [
        51.32,
        51.6,
        51.82
    ],
    "MNIST_RankKReducer_30_1": [
        51.42,
        51.82,
        51.92
    ],
    "MNIST_RankKReducer_2_0": [
        51.22,
        51.62,
        51.85
    ],
    "MNIST_TopKReducer_0.097427_0": [
        51.03,
        51.38,
        52.02
    ],
    "MNIST_RankKReducer_1_1": [
        51.22,
        51.55,
        51.58
    ],
    "MNIST_RankKReducer_1_0": [
        51.18,
        51.57,
        51.8
    ]
}